business_id,full_address,mon_hours,tue_hours,wed_hours,thu_hours,fri_hours,sat_hours,sun_hours,open,categories,city,review_count,name,neighborhoods,longitude,latitude,state,stars
RUg5N3QFiJagKlC4qk0Orw,"1717 S Decatur Blvd
Booth G-04
Westside
Las Vegas, NV 89102",,,,,10:00 - 18:00,10:00 - 18:00,10:00 - 18:00,True,"Food,Desserts,Shaved Ice,Hawaiian,Restaurants",Las Vegas,16,Sno Shack Hawaiian Shave Ice,Westside,-115.20555496215799,36.150801252133796,NV,5.0
OjrgRcLvYttRGQCew44cOQ,"4845 S Fort Apache Rd
Spring Valley
Las Vegas, NV 89147",11:00 - 22:00,11:00 - 22:00,11:00 - 22:00,11:00 - 22:00,11:00 - 22:00,11:00 - 21:00,12:00 - 20:00,True,"Food,Desserts,Restaurants,Creperies,Ice Cream & Frozen Yogurt",Las Vegas,51,Tasty Crepes,Spring Valley,-115.2979249,36.1018156,NV,5.0
DInchTMpKhM-G52cNKLtOg,"10 S Allen St
Regent
Madison, WI 53726",,11:00 - 18:00,09:00 - 18:00,09:00 - 18:00,09:00 - 18:00,09:00 - 16:00,,True,"Food,Desserts,Gluten-Free,Bakeries,Restaurants",Madison,15,Humble,Regent,-89.4239575,43.0676879,WI,4.5
4Vai2JNI48yffzQ7CMezBA,"15610 N 35th Ave
Phoenix, AZ 85053",10:00 - 18:00,10:00 - 18:00,10:00 - 18:00,10:00 - 20:00,10:00 - 20:00,10:00 - 20:00,09:00 - 17:00,True,"Food,Desserts,Delis,Pizza,Restaurants",Phoenix,49,Villa Deli,,-112.134346,33.62758,AZ,4.5
jcCDwwBoPtvHA2EuBzGP1Q,"The Strip
Las Vegas, NV 89109",,,,,,,,False,"Food,Desserts,Sandwiches,Food Stands,Restaurants",Las Vegas,16,Lulu's On The Move,The Strip,-115.1711298,36.128561,NV,4.5
T795wfMBGCxsTYif-juSrA,"42 London Street
New Town
Edinburgh EH3 6LX",08:00 - 18:00,08:00 - 18:00,08:00 - 18:00,08:00 - 18:00,08:00 - 18:00,08:00 - 18:00,10:00 - 16:00,False,"Food,Desserts,Cafes,French,Restaurants",Edinburgh,5,The French Fancies,New Town,-3.1912907,55.9592031,EDH,4.5
0lN71KKnrMMuRDIssDVGww,"122 State St
Capitol
Madison, WI 53703",08:00 - 17:00,07:00 - 15:00,07:00 - 15:00,07:00 - 15:00,07:00 - 15:00,07:00 - 15:00,09:00 - 13:00,False,"Bakeries,Food,American (Traditional),Desserts,Restaurants",Madison,17,The Baker's Window,Capitol,-89.38753990000002,43.0747765,WI,4.5
W7UtoDde1ekOmsEeMl8XCw,"3602 W Bell Rd
Unit D3
Glendale, AZ 85308",,10:00 - 18:30,10:00 - 18:30,10:00 - 18:30,10:00 - 18:30,10:00 - 17:00,10:00 - 13:00,True,"Food,Desserts,Delis,Bakeries,Restaurants",Glendale,25,European Bakery and Cafe,,-112.1374082,33.639608100000004,AZ,4.5
bxEd1ust_wI0Br-HLnEy0Q,"8787 N Scottsdale Rd
Scottsdale, AZ 85253",07:30 - 16:00,08:00 - 15:00,08:00 - 15:00,08:00 - 15:00,08:00 - 15:00,08:00 - 15:00,08:00 - 15:00,True,"Food,Desserts,Creperies,French,Restaurants",Scottsdale,89,Chez Vous Crepes,,-111.9244817,33.566109000000004,AZ,4.5
OEWW22gUG_JADQ3h4ajXtg,"1348 W Roosevelt St
Phoenix, AZ 85007",10:00 - 18:00,10:00 - 18:00,10:00 - 18:00,10:00 - 18:00,10:00 - 18:00,10:00 - 18:00,10:00 - 14:00,True,"Food,Desserts,Bakeries,Vegan,Restaurants",Phoenix,63,Treehouse Bakery,,-112.09080420434499,33.458704724907896,AZ,4.5
4KN-PSLwo_oLw2WZlumwHw,"67 Nicolson Street
Newington
Edinburgh EH8 9BZ",10:00 - 22:00,10:00 - 22:00,10:00 - 22:00,10:00 - 22:00,10:00 - 22:00,10:00 - 22:00,10:00 - 22:00,True,"Food,Desserts,Coffee & Tea,Indian,Restaurants",Edinburgh,28,10-to-10 In Delhi,Newington,-3.1847414,55.945489,EDH,4.5
EQgMEDJ3Tkln-8UBlOuKwg,"4550 E Cactus Rd
Phoenix, AZ 85032",11:00 - 21:00,11:00 - 21:00,11:00 - 21:00,11:00 - 21:00,11:00 - 21:00,11:00 - 21:00,11:00 - 18:00,True,"Food,Desserts,American (New),Restaurants",Phoenix,6,Moga Crepes,,-111.9812072,33.599043200000004,AZ,4.5
QNAH_yX7VZj-dQRwDKxsrQ,"3270 E Tropicana Ave
Eastside
Las Vegas, NV 89121",07:00 - 17:00,07:00 - 17:00,07:00 - 17:00,07:00 - 17:00,07:00 - 17:00,07:00 - 17:00,,True,"Bakeries,Food,Restaurants,Sandwiches,Desserts",Las Vegas,64,Great Buns Bakery,Eastside,-115.103546,36.100745,NV,4.5
66lcsXVFNVp1tPMHheSepg,"Edinburgh Airport
Edinburgh EH12 9DN",,,,,,,,True,"Food,Desserts,Sandwiches,Soup,Restaurants",Edinburgh,8,Eat,,-3.36344718933106,55.948599081419296,EDH,4.5
OtSFw-mQAHEIFoSc7Y9AFw,"W25709 Sullivan Rd
Summerlin
Trempealeau, WI 54661",17:00 - 20:00,17:00 - 20:00,,17:00 - 20:00,17:00 - 22:00,17:00 - 22:00,11:30 - 20:00,True,"Food,Desserts,Seafood,Restaurants,Italian",Trempealeau,8,Sullivan's Supper Club,Summerlin,-115.333127,36.159157,WI,4.0
kwEQ3uY9Jwmknb5kNg3UlA,"PALAZZO Resort Hotel Casino
3327 Las Vegas Blvd S, Ste 1580
The Strip
Las Vegas, NV 89109",06:00 - 02:00,06:00 - 02:00,06:00 - 02:00,06:00 - 02:00,06:00 - 03:00,06:00 - 03:00,06:00 - 02:00,True,"Food,Desserts,American (Traditional),American (New),Restaurants",Las Vegas,699,Grand Lux Cafe,The Strip,-115.17033,36.123618,NV,4.0
uUsfpN81JCMKyH6c0D0bTg,"1910 Village Center Cir
Ste 6
Summerlin
Las Vegas, NV 89134",,,,,,,,True,"Food,Desserts,Italian,Pizza,Restaurants",Las Vegas,6,Rocco's NY Pizza & Pasta,Summerlin,-115.3041999,36.19310460000001,NV,4.0
kxDGexkbP30fBvxVI0CzFQ,"1331 E Northern Ave
Phoenix, AZ 85020",10:30 - 21:00,10:30 - 21:00,10:30 - 21:00,10:30 - 21:00,10:30 - 21:00,10:30 - 21:00,,True,"Food,Desserts,Italian,Pizza,Restaurants",Phoenix,93,Stumpys Pizza,,-112.053525918855,33.5528379672612,AZ,4.0
xt73UhzigC8qzbcsOw8CJg,"7123 N 58th Ave
Glendale, AZ 85301",,11:00 - 16:00,11:00 - 16:00,11:00 - 16:00,11:00 - 16:00,,,True,"Food,Desserts,Sandwiches,Restaurants",Glendale,11,Cee Cee's On The Corner,,-112.1833135,33.5408597,AZ,4.0
j0Uc-GuOe-x9_N_IK1KPpA,"3724 E Indian School Rd
Phoenix, AZ 85018",10:30 - 21:00,10:30 - 21:00,10:30 - 21:00,10:30 - 21:00,10:30 - 20:00,16:00 - 20:00,11:00 - 21:00,True,"Food,Desserts,Pizza,Sandwiches,Restaurants",Phoenix,37,Slice of Sicily,,-112.000651,33.495562400000004,AZ,4.0
7h0-KtLbYH1gu6QBv_-jxg,"5165 S Fort Apache Rd
Ste 160
Spring Valley
Las Vegas, NV 89148",07:00 - 20:00,07:00 - 20:00,07:00 - 20:00,07:00 - 20:00,07:00 - 20:00,07:00 - 18:00,07:00 - 18:00,False,"Food,Desserts,Breakfast & Brunch,Restaurants",Las Vegas,151,WaffleS Cafe,Spring Valley,-115.2973533,36.0944116,NV,4.0
mVJIPDv-qfYlatHYeP_saQ,"Planet Hollywood Resort and Casino
The Strip
Las Vegas, NV 89109",17:00 - 23:00,17:00 - 23:00,17:00 - 23:00,17:00 - 23:00,17:00 - 23:30,17:00 - 23:30,17:00 - 23:00,True,"Food,Desserts,Steakhouses,Restaurants",Las Vegas,254,Strip House Steak House,The Strip,-115.17205247990101,36.110118354537896,NV,4.0
jOuERtVf7QePnK9ZcdH5XA,"The Venetian Hotel & Casino
3355 Las Vegas Blvd S
The Strip
Las Vegas, NV 89109",00:00 - 00:00,00:00 - 00:00,00:00 - 00:00,00:00 - 00:00,00:00 - 00:00,00:00 - 00:00,00:00 - 00:00,True,"Food,Desserts,American (Traditional),American (New),Restaurants",Las Vegas,1497,Grand Lux Cafe,The Strip,-115.170122460117,36.1222764410517,NV,4.0
s5roBvbA79SQaO4FHkJgGw,"4130 N 19th Ave
Phoenix, AZ 85015",10:30 - 21:30,10:30 - 21:30,10:30 - 21:30,10:30 - 21:30,10:30 - 22:00,16:00 - 22:00,,True,"Food,Desserts,Pizza,Sandwiches,Restaurants",Phoenix,69,My Mother's Restaurant,,-112.0999297,33.4956034,AZ,4.0
zBacxYJdcxmJETelXMt9aw,"665 S Green Valley Pkwy
Ste 100
Henderson, NV 89052",08:00 - 16:00,08:00 - 16:00,08:00 - 16:00,08:00 - 16:00,08:00 - 16:00,09:00 - 16:00,09:00 - 16:00,True,"Food,Desserts,Breakfast & Brunch,Bakeries,Restaurants",Henderson,168,Layers Bakery Cafe,,-115.0832955,36.0048888,NV,4.0
RtwOc-n_RkiUuDGaNfCsNw,"8707 S Priest Dr
Ste 101
Tempe, AZ 85284",11:00 - 20:00,11:00 - 20:00,11:00 - 20:00,11:00 - 20:00,11:00 - 20:00,11:00 - 20:00,11:00 - 17:00,True,"Food,Desserts,Cheesesteaks,Sandwiches,Restaurants",Tempe,180,Forefathers Gourmet Cheesesteaks & Fries,,-111.9625582,33.3356387,AZ,4.0
uCoNIQty4nPrhn_WHo110A,"3500 South Las Vegas Blvd.
The Strip
Las Vegas, NV 89109",11:15 - 23:30,11:15 - 23:30,11:15 - 23:30,11:15 - 23:30,11:15 - 00:30,10:15 - 00:30,10:15 - 23:30,True,"Food,Desserts,American (Traditional),American (New),Restaurants",Las Vegas,272,The Cheesecake Factory,The Strip,-115.1729418,36.1183949,NV,4.0
4DDbIvNtzfhLRwz-EOLFDA,"21001 N Tatum Blvd
Ste 1630
Phoenix, AZ 85050",10:30 - 22:30,10:30 - 22:30,10:30 - 22:30,10:30 - 22:30,10:30 - 22:30,10:30 - 22:30,10:30 - 22:00,True,"Food,Desserts,Asian Fusion,Chinese,Restaurants",Phoenix,8,Panda Express,,-111.9746066,33.678615,AZ,4.0
BITUQfpxGgwU5vdS7zlgeQ,"5235 E Southern Ave
Ste 107
Mesa, AZ 85206",08:00 - 16:00,08:00 - 16:00,08:00 - 16:00,08:00 - 16:00,08:00 - 16:00,08:00 - 16:00,,True,"Food,Desserts,Breakfast & Brunch,Sandwiches,Restaurants",Mesa,34,Cafe 8,,-111.7180642,33.3937103,AZ,4.0
HAgGoHAT9Ar98jjBvhucPA,"8955 S. Eastern Avenue
Southeast
Green Valley, NV 89123",,,,,,,,False,"Food,Desserts,American (New),Fondue,Restaurants",Green Valley,14,The Melting Pot,Southeast,-115.1189425,36.0265303,NV,4.0
ScSwwoFcIC0mf1vU-6p8eQ,"7729 S Rainbow Blvd
Ste 9B
Southwest
Las Vegas, NV 89113",11:00 - 01:00,11:00 - 01:00,11:00 - 01:00,11:00 - 01:00,11:00 - 01:00,11:00 - 01:00,11:00 - 01:00,True,"Food,Desserts,Coffee & Tea,Cafes,Restaurants",Las Vegas,32,Ice Monster Cafe,Southwest,-115.24417524921301,36.048129176532896,NV,4.0
XZWry6opFKs-BIwfpa_RWg,"9905 S Eastern Ave
Southeast
Las Vegas, NV 89183",11:00 - 21:00,11:00 - 21:00,11:00 - 21:00,11:00 - 21:00,11:00 - 21:00,11:00 - 21:00,,True,"Food,Desserts,Italian,Pizza,Restaurants",Las Vegas,187,Montesano's Eateria,"Southeast,Anthem",-115.1177785,36.0095858,NV,4.0
P1ZkQdiCAvD94WJgdonzjg,"3333 S Maryland Pkwy
Eastside
Las Vegas, NV 89169",11:00 - 21:00,11:00 - 21:00,11:00 - 21:00,11:00 - 21:00,11:00 - 21:00,11:00 - 21:00,12:00 - 18:00,False,"Food,Desserts,Soul Food,Restaurants",Las Vegas,4,Mother's Wings & Things,Eastside,-115.13767242431601,36.128997802734396,NV,4.0
WBN51DEDxgWN2YYA7G1Ang,"3555 S Durango Dr
Spring Valley
Las Vegas, NV 89147",12:00 - 21:00,12:00 - 21:00,12:00 - 21:00,12:00 - 21:00,12:00 - 21:00,12:00 - 21:00,12:00 - 21:00,True,"Food,Desserts,Restaurants,Ice Cream & Frozen Yogurt,Italian",Las Vegas,115,CJ's Italian Ice & Custard,Spring Valley,-115.27922379999998,36.1253118,NV,4.0
y-7MgH1zwW3vagfSLlmZUw,"3701 N Marshall Way
Scottsdale, AZ 85251",17:00 - 22:00,17:00 - 22:00,17:00 - 22:00,17:00 - 22:00,17:00 - 22:00,17:00 - 22:00,17:00 - 22:00,True,"Food,Desserts,American (New),Mediterranean,Restaurants",Scottsdale,59,Virtù,,-111.927964,33.490695,AZ,4.0
fmuj7u1gflmEjW-h0v9bwg,"1949 E Camelback Rd
Ste #160
Phoenix, AZ 85016",10:30 - 20:00,10:30 - 20:00,10:30 - 20:00,10:30 - 20:00,10:30 - 20:00,10:30 - 20:00,11:00 - 17:00,True,"Food,Desserts,Delis,Sandwiches,Restaurants",Phoenix,105,Miracle Mile Delicatessen,,-112.040116,33.507557,AZ,4.0
XSHfI03HNVOuAyz9Hr8okA,"Haymarket Station
1A Haymarket Ter
West End
Edinburgh EH12 5EY",,,,,,,,True,"Food,Desserts,Coffee & Tea,Sandwiches,Restaurants",Edinburgh,9,Starbucks,West End,-3.21795657724613,55.947367343916,EDH,4.0
lMLGY_ofUhjHNcF1JL5MMA,"124 Bruntsfield Place
Edinburgh EH10 4ES",09:00 - 19:00,09:00 - 19:00,09:00 - 19:00,09:00 - 19:00,09:00 - 19:00,09:00 - 19:00,09:00 - 19:00,True,"Food,Desserts,Coffee & Tea,Sandwiches,Restaurants",Edinburgh,5,Costa,,-3.210148,55.9350985,EDH,4.0
vunBMXxNEdCSVRnWV8P5eA,"372 Morningside Road
Morningside
Edinburgh EH10 5HS",10:00 - 17:00,10:00 - 17:00,10:00 - 17:00,10:00 - 17:00,10:00 - 17:00,09:00 - 18:00,10:00 - 17:00,False,"Food,Tea Rooms,Restaurants,Sandwiches,Desserts",Edinburgh,11,Loopy Lorna's,Morningside,-3.20959568023682,55.9265333818096,EDH,4.0
bDSqqGGzbglvJ0HkIW5j4Q,"714 N Central Ave
Phoenix, AZ 85004",09:00 - 00:00,09:00 - 00:00,09:00 - 00:00,09:00 - 00:00,09:00 - 01:00,09:00 - 01:00,,False,"Food,Desserts,Italian,Pizza,Restaurants",Phoenix,12,Miami Cafe,,-112.0739321,33.4561612,AZ,4.0
BQjGE1Z3nk253XzIZqt8Gg,"Bellagio Resort &Casino
3600 S Las Vegas Blvd
The Strip
Las Vegas, NV 89109",06:00 - 23:00,06:00 - 23:00,06:00 - 23:00,06:00 - 23:00,06:00 - 00:00,06:00 - 00:00,06:00 - 00:00,True,"Food,Desserts,Cafes,Restaurants",Las Vegas,680,Jean Philippe Patisserie,The Strip,-115.17687678337099,36.111945921648996,NV,4.0
92Z2b94IO-ovEUmrkzarMQ,"5035 S Fort Apache Rd
Ste 106
Spring Valley
Las Vegas, NV 89148",11:00 - 21:30,11:00 - 21:30,11:00 - 21:30,11:00 - 21:30,11:00 - 21:30,11:00 - 21:30,11:00 - 21:30,True,"Food,Desserts,Korean,Soup,Restaurants",Las Vegas,85,Mashisoyo,Spring Valley,-115.297977975539,36.09753503807811,NV,4.0
CqbdMzc-FmF-ISeMJOZzyg,"55 S Gibson Rd
Ste 110
Henderson, NV 89012",13:00 - 18:00,13:00 - 18:00,13:00 - 18:00,13:00 - 18:00,13:00 - 18:00,09:00 - 20:00,13:00 - 17:00,True,"Bakeries,Food,Cafes,Desserts,Restaurants",Henderson,45,Lil Brown Sugar's Cupcakes Cafe,,-115.030502319336,36.029998779296896,NV,4.0
HuDJ32yH4_yYy9BfTpR8Gg,"18 W Pacific Ave
Henderson, NV 89015",07:00 - 19:00,07:00 - 19:00,07:00 - 19:00,07:00 - 19:00,07:00 - 19:00,07:00 - 19:00,10:00 - 18:00,False,"Food,Desserts,Hawaiian,Restaurants",Henderson,15,808 Island Craves,,-114.95510101318399,36.0629767809983,NV,4.0
Lc-GvCBmXmf1HF2eMW4zuw,"31 Crighton Place
Leith
Edinburgh EH7 4NY",12:00 - 21:00,12:00 - 21:00,12:00 - 21:00,12:00 - 21:00,12:00 - 21:00,12:00 - 21:00,12:00 - 21:00,True,"Food,Desserts,Coffee & Tea,Polish,Restaurants",Edinburgh,8,Yellow Bench,Leith,-3.1777855,55.9635223,EDH,4.0
XeFqy8LRjReBDzeX_pAUjw,"6593 Las Vegas Blvd S
Unit B155
Southeast
Las Vegas, NV 89119",08:30 - 21:00,08:30 - 21:00,08:30 - 21:00,08:30 - 21:00,08:30 - 22:00,08:30 - 22:00,11:00 - 20:00,False,"Food,Desserts,American (New),Restaurants",Las Vegas,11,Fracos & Froccs,Southeast,-115.177230834961,36.068249711640796,NV,4.0
SGGZ6l345YTww09IHxtoew,"4825 E Warner Rd
Phoenix, AZ 85044",11:00 - 20:00,11:00 - 20:00,11:00 - 20:00,11:00 - 20:00,11:00 - 20:00,11:00 - 20:00,12:00 - 17:00,True,"Food,Soul Food,American (New),Desserts,Restaurants",Phoenix,75,Ezekiel's Restaurant,,-111.97937283664899,33.3293584260744,AZ,4.0
dKtbrGgg5fbl8MibhilP2A,"Phoenix Sky Harbor International Airport
3400 E Sky Harbor Blvd
Phoenix, AZ 85034",05:00 - 22:00,05:00 - 22:00,05:00 - 22:00,05:00 - 22:00,05:00 - 22:00,05:00 - 22:00,05:00 - 22:00,True,"Food,Desserts,Italian,Pizza,Restaurants",Phoenix,141,La Grande Orange,,-112.000563002405,33.4336861383781,AZ,4.0
9TSU0S-4Ni3cjrJFrdQLeg,"2004 Atwood Ave
Schenk - Atwood
Madison, WI 53704",10:00 - 21:00,10:00 - 21:00,10:00 - 21:00,10:00 - 21:00,10:00 - 21:30,10:00 - 22:30,10:00 - 18:00,True,"Food,Desserts,Coffee & Tea,Cafes,Restaurants",Madison,39,Chocolaterian Cafe,"Schenk - Atwood,Williamson - Marquette",-89.35512709999998,43.0920578,WI,4.0
NPzEHVmD1sbl2EBa4JSMSA,"16 Morningside Road
Edinburgh EH10 4DB",09:00 - 22:00,09:00 - 22:00,09:00 - 22:00,09:00 - 22:00,09:00 - 22:00,09:00 - 22:00,09:00 - 22:00,True,"Food,Ice Cream & Frozen Yogurt,Desserts,Sandwiches,Restaurants",Edinburgh,41,S Luca,,-3.2101642326305,55.933811017921,EDH,4.0
_IaAOzGPzq3JIDKuQlAzvQ,"3146 E Camelback Rd
Phoenix, AZ 85016",11:00 - 02:00,11:00 - 02:00,11:00 - 02:00,11:00 - 02:00,11:00 - 02:00,11:00 - 02:00,11:00 - 02:00,True,"Food,Desserts,Restaurants,Burgers",Phoenix,26,Delux 2 Go,,-112.01464070000002,33.5100398,AZ,3.5
S8R5c7-plWe3NtmijYAJvg,"4247 E Indian School Rd
Phoenix, AZ 85018",08:00 - 16:00,08:00 - 16:00,08:00 - 16:00,08:00 - 16:00,08:00 - 16:00,10:00 - 15:00,,True,"Food,Desserts,Delis,Sandwiches,Restaurants",Phoenix,62,Sacks Art of Sandwicherie,,-111.98934479999998,33.494594,AZ,3.5
2r8jGeuYvMkyP2ik_X-Bxw,"2402 East Camelback
Space #101
Phoenix, AZ 85016",11:00 - 23:00,11:00 - 23:00,11:00 - 23:00,11:00 - 23:00,11:00 - 00:00,11:00 - 00:00,10:00 - 23:00,True,"Food,Desserts,American (Traditional),American (New),Restaurants",Phoenix,144,The Cheesecake Factory,,-112.02965196619101,33.510008446765696,AZ,3.5
jfXqQTdxktGQWkELGn-7wA,"Superstition Springs Center
6613 E Southern Ave
Mesa, AZ 85206",11:00 - 23:00,11:00 - 23:00,11:00 - 23:00,11:00 - 23:00,11:00 - 00:00,11:00 - 00:00,10:00 - 22:00,True,"Food,Desserts,American (Traditional),American (New),Restaurants",Mesa,58,The Cheesecake Factory,,-111.6893014,33.3938594,AZ,3.5
T11YSYqwlRDC48V8-W1GRw,"4725 E Mayo Blvd
Phoenix, AZ 85050",11:00 - 14:00,11:00 - 14:00,11:00 - 14:00,11:00 - 14:00,11:00 - 14:00,11:00 - 14:00,11:00 - 14:00,True,"Food,Desserts,American (New),Restaurants",Phoenix,17,Café Allegro at MIM,,-111.97805259999998,33.6676061,AZ,3.5
kOh8ZHf8CkFQCwyfDvVJTA,"9069 E Indian Bend Rd
Scottsdale, AZ 85250",06:00 - 22:00,06:00 - 22:00,06:00 - 22:00,06:00 - 22:00,06:00 - 23:00,06:00 - 23:00,06:00 - 22:00,True,"Food,Desserts,American (Traditional),Restaurants",Scottsdale,55,5 & Diner,,-111.885036,33.53814000000001,AZ,3.5
g_xxHSr7uglGfd9tXfyHkA,"Palazzo Hotel
3325 S Las Vegas Blvd
The Strip
Las Vegas, NV 89109",06:00 - 00:00,06:00 - 00:00,06:00 - 00:00,06:00 - 00:00,06:00 - 01:00,06:00 - 01:00,06:00 - 00:00,True,"Food,Desserts,Coffee & Tea,Cafes,Restaurants",Las Vegas,233,Espressamente Illy,The Strip,-115.168578008434,36.1234783898913,NV,3.5
ZrYZkb2gmJiQPoosezmmtg,"Waterstones
128 Princes St
New Town
Edinburgh EH2 4AD",,,,,,,,True,"Food,Desserts,Coffee & Tea,Sandwiches,Restaurants",Edinburgh,3,Starbucks,New Town,-3.1978811,55.95186750000001,EDH,3.5
VO13q-11lh7St1gd7JPI3Q,"7014 E Camelback Rd
Ste 1023
Scottsdale, AZ 85251",11:00 - 22:00,11:00 - 22:00,11:00 - 22:00,11:00 - 22:00,11:00 - 23:00,11:00 - 23:00,10:00 - 22:00,False,"Food,Desserts,American (Traditional),American (New),Restaurants",Scottsdale,104,Grand Lux Cafe,,-111.9290233,33.5025088,AZ,3.5
FzeYyIca3Bw8mS4MeUUAGw,"The Cosmopolitan of Las Vegas
3708 Las Vegas Blvd S
The Strip
Las Vegas, NV 89109",06:00 - 22:00,06:00 - 22:00,06:00 - 22:00,06:00 - 22:00,06:00 - 23:00,06:00 - 23:00,06:00 - 22:00,True,"Food,Desserts,Coffee & Tea,Cafes,Restaurants",Las Vegas,105,Va Bene Caffe,The Strip,-115.174219704785,36.1095636214098,NV,3.5
ewZlgc22xN5NNQ1H7U6Y7g,"15230 N Scottsdale Rd
Scottsdale, AZ 85254",11:00 - 23:00,11:00 - 23:00,11:00 - 23:00,11:00 - 23:00,11:00 - 00:00,11:00 - 00:00,10:00 - 23:00,True,"Food,Desserts,American (Traditional),American (New),Restaurants",Scottsdale,121,The Cheesecake Factory,,-111.9257645,33.6242962,AZ,3.5
CsyODVepq3jkB-9JKpoTfw,"30 Buccleuch Street
Newington
Edinburgh EH8 9LP",08:00 - 18:30,08:00 - 18:30,08:00 - 18:30,08:00 - 18:30,08:00 - 18:30,09:00 - 17:00,10:00 - 17:00,True,"Food,Desserts,Coffee & Tea,Sandwiches,Restaurants",Edinburgh,13,Press Coffee,Newington,-3.184687,55.94300160000001,EDH,3.5
uchuMhsItIZOtD33p4KBaQ,"3076 E Chandler Heights Rd
Ste 101
Gilbert, AZ 85298",07:30 - 20:00,07:30 - 20:00,07:30 - 20:00,07:30 - 20:00,07:30 - 21:00,07:30 - 21:00,07:30 - 14:00,True,"Food,Desserts,American (Traditional),Restaurants",Gilbert,40,Apple Dumpling Cafe,,-111.72264540000002,33.2349399,AZ,3.5
6t9AhPny9pkVgkxoP7LqYQ,"4355 W Spring Mountain Rd
Ste 101A
Chinatown
Las Vegas, NV 89102",11:00 - 23:30,11:00 - 23:30,11:00 - 23:30,11:00 - 23:30,11:00 - 23:30,11:00 - 23:30,11:00 - 23:30,False,"Food,Desserts,Bubble Tea,Japanese,Restaurants",Las Vegas,10,Pretty Girls Maid Cafe,Chinatown,-115.1983146,36.1263392,NV,3.5
lIlaoptZjY7DD4pO0Mk8ow,"750 S Rampart Blvd
Bldg 17
Westside
Las Vegas, NV 89145",11:00 - 23:00,11:00 - 23:00,11:00 - 23:00,11:00 - 23:00,11:00 - 00:00,11:00 - 00:00,10:00 - 23:00,True,"Food,Desserts,American (Traditional),American (New),Restaurants",Las Vegas,217,The Cheesecake Factory,Westside,-115.289206990206,36.1646282752603,NV,3.5
EO_LRZc_g0KIR-uRC2ecnQ,"2531 Monroe St
Dudgeon-Monroe
Madison, WI 53711",11:00 - 22:00,11:00 - 22:00,11:00 - 22:00,11:00 - 22:00,11:00 - 22:30,11:00 - 22:30,11:00 - 22:00,True,"Food,Desserts,Restaurants,Ice Cream & Frozen Yogurt,Burgers",Madison,42,Michael's Frozen Custard,Dudgeon-Monroe,-89.427763,43.057669,WI,3.5
ttLtsY1S2Angj6hvEdzwDQ,"5455 E High St
Ste 101
Phoenix, AZ 85054",16:00 - 02:00,16:00 - 02:00,16:00 - 02:00,16:00 - 02:00,16:00 - 02:00,16:00 - 02:00,16:00 - 02:00,True,"Bars,Food,Desserts,Nightlife,Lounges,American (New),Restaurants",Phoenix,139,Blue Martini Lounge,,-111.96337520218599,33.6753261877659,AZ,3.5
PLLM4iCYy_OrT-53IZ88Qw,"4929 W Chandler Blvd
Chandler, AZ 85226",11:00 - 14:30,11:00 - 14:30,11:00 - 14:30,11:00 - 14:30,11:00 - 14:30,17:00 - 21:30,11:00 - 14:30,False,"Food,Desserts,Vegetarian,Indian,Restaurants",Chandler,53,Cafe Krishna,,-111.92706499999998,33.304860999999995,AZ,3.5
78IaYCf9ktUep4UhhjXbTg,"3111 W Chandler Blvd
Suite 2100
Chandler, AZ 85226",11:00 - 23:00,11:00 - 23:00,11:00 - 23:00,11:00 - 23:00,11:00 - 00:00,11:00 - 00:00,10:00 - 22:00,True,"Food,Desserts,American (Traditional),American (New),Restaurants",Chandler,137,The Cheesecake Factory,,-111.897967,33.3022462,AZ,3.5
WGNzivxscW54VZ2BfeLmmg,"3355 Las Vegas Blvd. South Suite 1159
3355 Las Vegas Blvd S
The Strip
Las Vegas, NV 89109",07:00 - 14:00,07:00 - 14:00,07:00 - 14:00,07:00 - 14:00,07:00 - 14:00,07:00 - 14:00,07:00 - 14:00,True,"Food,Desserts,Breakfast & Brunch,Cafes,Restaurants",Las Vegas,80,Canyon Ranch SpaClub Las Vegas,The Strip,-115.1696112,36.12145170000001,NV,3.5
WZHIYPqGPaPQW97GNrkqjQ,"1000 S Rampart Blvd
Westside
Las Vegas, NV 89145",,,,,,,,True,"Food,Desserts,Delis,Sandwiches,Restaurants",Las Vegas,71,Jason's Deli,Westside,-115.2910671,36.1607478,NV,3.5
6SKnbcGt0M0r1XWk1pbzsA,"1725 E Warm Springs Rd
Ste 18
Southeast
Las Vegas, NV 89119",10:00 - 22:00,10:00 - 22:00,10:00 - 22:00,10:00 - 22:00,10:00 - 00:00,10:00 - 00:00,10:00 - 22:00,True,"Food,Desserts,Seafood,Pizza,Restaurants",Las Vegas,11,Cafe Modena,Southeast,-115.128906,36.057248,NV,3.5
ADJIoHN3uLx-JalYl3r3Dw,"16134 North 83rd Avenue
Peoria, AZ 85382",11:00 - 23:00,11:00 - 23:00,11:00 - 23:00,11:00 - 23:00,11:00 - 00:00,11:00 - 00:00,10:00 - 22:00,True,"Food,Desserts,American (Traditional),American (New),Restaurants",Peoria,94,The Cheesecake Factory,,-112.236293,33.633305,AZ,3.5
mFMXHjGk2rJqGwx-3Wh_2A,"2333 So Val Vista Dr
Gilbert, AZ 85295",10:30 - 22:00,10:30 - 22:00,10:30 - 22:00,10:30 - 22:00,10:30 - 23:00,10:30 - 23:00,11:00 - 22:00,True,"Food,Burgers,Desserts,Ice Cream & Frozen Yogurt,Restaurants",Gilbert,49,Iceberg Drive Inn,,-111.754905,33.307799,AZ,3.5
iDQK85-DyIlSpTz_XhkZVA,"The District at Green Valley Ranch
160 S Green Valley Pky
Henderson, NV 89052",11:00 - 23:00,11:00 - 23:00,11:00 - 23:00,11:00 - 23:00,11:00 - 00:00,11:00 - 00:00,10:00 - 23:00,True,"Food,Desserts,American (Traditional),American (New),Restaurants",Henderson,168,The Cheesecake Factory,,-115.083185,36.022082,NV,3.5
gWQlTK3o29rZGlw2YLUnhA,"2000 E Rio Salado Pkwy
Ste 1064
Tempe, AZ 85281",09:30 - 21:00,09:30 - 21:00,09:30 - 21:00,09:30 - 21:00,09:30 - 22:00,09:30 - 22:00,10:00 - 20:00,False,"Food,Desserts,Coffee & Tea,Sandwiches,Restaurants",Tempe,106,Tea Infusion,,-111.904946565628,33.43260530923069,AZ,3.5
oeUCpP2rGiYcZrHUhiysdg,"420 S Rampart Blvd
Ste 150
Westside
Las Vegas, NV 89145",07:00 - 22:00,07:00 - 22:00,07:00 - 22:00,07:00 - 22:00,07:00 - 22:00,07:00 - 22:00,07:00 - 22:00,True,"Food,Desserts,Breakfast & Brunch,Creperies,Restaurants",Las Vegas,71,The Crêpe,Westside,-115.2855925,36.1671901,NV,3.5
g9ZnEwEhg8uA2OUGFwtxNQ,"123 Lothian Rd
Old Town
Edinburgh EH3 9AN",,,,,,,,True,"Food,Desserts,Coffee & Tea,Sandwiches,Restaurants",Edinburgh,7,Starbucks,Old Town,-3.2050595,55.9462076,EDH,3.0
u-07ewA9QDWiO_EvD0BAfw,"3303 E Queen Creek Rd
Ste 101
Gilbert, AZ 85297",,,,,,,,True,"Food,Desserts,American (Traditional),Restaurants",Gilbert,10,Dairy Queen,,-111.71890098112499,33.2626778810041,AZ,3.0
zjQxaHZSb47p7l-b7Nhzgg,"7715 S Rainbow Blvd
Southwest
Las Vegas, NV 89113",10:00 - 22:00,10:00 - 22:00,10:00 - 22:00,10:00 - 22:00,10:00 - 23:00,10:00 - 23:00,10:00 - 22:00,True,"Food,Desserts,Fast Food,Ice Cream & Frozen Yogurt,Restaurants",Las Vegas,21,Dairy Queen,Southwest,-115.2433426,36.0471607,NV,3.0
y0pmoFzlKOhozDmJPQYNcA,"4 King Street N
Waterloo, ON N2J 2W7",08:00 - 00:00,08:00 - 00:00,08:00 - 00:00,08:00 - 00:00,08:00 - 01:00,08:00 - 01:00,08:00 - 00:00,True,"Food,Desserts,Breakfast & Brunch,Burgers,Restaurants",Waterloo,27,Symposium Cafe,,-80.5224115,43.46524960000001,ON,3.0
y2lNrjv4lg5gvpYhtUmfpg,"1863 S Signal Butte Rd
Mesa, AZ 85209",,,,,,,,True,"Food,Desserts,American (Traditional),Restaurants",Mesa,12,Village Inn,,-111.60032340000002,33.381358500000005,AZ,3.0
-g5leVOzKA33Ruabe2Zo9w,"1605 S Gilbert Rd
Gilbert, AZ 85295",,07:00 - 13:30,07:00 - 13:30,07:00 - 13:30,07:00 - 13:30,06:00 - 13:30,06:00 - 13:30,True,"Food,Desserts,Barbeque,Restaurants",Gilbert,16,B&G Café,,-111.789285479778,33.3201505636904,AZ,3.0
VzanL5PpILD73CDIeADHdg,"10100 S Eastern Ave
Anthem
Henderson, NV 89052",11:00 - 21:00,11:00 - 21:00,11:00 - 21:00,11:00 - 21:00,11:00 - 21:00,11:00 - 21:00,,False,"Food,Desserts,Hawaiian,Restaurants",Henderson,6,Big Island Boba,Anthem,-115.1124407,36.00574520000001,NV,3.0
1w6MG5GovUAAoNk92M_vcQ,"Texas Station Gambling Hall & Hotel
2101 Texas Star Ln
Northwest
North Las Vegas, NV 89130",16:00 - 21:00,16:00 - 21:00,16:00 - 21:00,16:00 - 21:00,16:00 - 22:00,16:00 - 22:00,16:00 - 21:00,True,"Food,Desserts,Restaurants,Tapas/Small Plates,Italian",North Las Vegas,19,Pasta Cucina,Northwest,-115.2304131,36.2576752,NV,3.0
yGskaovVhLSTrwmf7JbKlg,"10953 N Frank Lloyd Wright Blvd
Scottsdale, AZ 85259",10:00 - 18:00,10:00 - 18:00,10:00 - 18:00,10:00 - 18:00,10:00 - 18:00,11:00 - 18:00,,False,"Food,Desserts,Pizza,Soup,Restaurants",Scottsdale,7,Gina's Homemade,,-111.8344051,33.5855766,AZ,2.5
PQcxj2uO3smCeRxEFKCRJQ,"9380 Westgate Blvd
Ste D101
Glendale, AZ 85311",,,,,,,,False,"Food,Desserts,Restaurants,Italian",Glendale,13,Sweet O Wine and Chocolate Lounge,,-112.17908,33.53226,AZ,2.5
CBumPtpjISns8paiSwtlLw,"MGM Grand Hotel and Casino
3799 Las Vegas Blvd S
Eastside
Las Vegas, NV 89109",06:30 - 01:00,06:30 - 01:00,06:30 - 01:00,06:30 - 00:00,,00:00 - 00:00,00:00 - 00:00,True,"Arts & Entertainment,Food,Hotels,Desserts,Delis,Casinos,Sandwiches,Hotels & Travel,Restaurants,Event Planning & Services",Las Vegas,35,Stage Deli,Eastside,-115.1676,36.103295,NV,2.5
